Column 1,Column 2,Column 3,Column 4,Column 5,Column 6
,0.098546539,,0.643155057,1,A
,0.768970279,0.489564948,0.209781972,2,B
0.632267986,,0.538312468,0.10207085,3,C
0.272071662,,,0.342571902,4,D
